[
{
  "model": "admin.logentry",
  "pk": 1,
  "fields": {
    "action_time": "2026-01-29T22:44:24.919Z",
    "user": 1,
    "content_type": 8,
    "object_id": "1",
    "object_repr": "Google",
    "action_flag": 1,
    "change_message": "[{\"added\": {}}]"
  }
},
{
  "model": "admin.logentry",
  "pk": 2,
  "fields": {
    "action_time": "2026-01-29T22:45:50.281Z",
    "user": 1,
    "content_type": 9,
    "object_id": "1",
    "object_repr": "Stage dÚveloppement web",
    "action_flag": 1,
    "change_message": "[{\"added\": {}}]"
  }
},
{
  "model": "admin.logentry",
  "pk": 3,
  "fields": {
    "action_time": "2026-01-30T03:24:51.729Z",
    "user": 1,
    "content_type": 8,
    "object_id": "2",
    "object_repr": "TechNova Solutions",
    "action_flag": 1,
    "change_message": "[{\"added\": {}}]"
  }
},
{
  "model": "admin.logentry",
  "pk": 4,
  "fields": {
    "action_time": "2026-01-30T03:25:53.212Z",
    "user": 1,
    "content_type": 8,
    "object_id": "3",
    "object_repr": "DigitalWave",
    "action_flag": 1,
    "change_message": "[{\"added\": {}}]"
  }
},
{
  "model": "admin.logentry",
  "pk": 5,
  "fields": {
    "action_time": "2026-01-30T03:26:42.833Z",
    "user": 1,
    "content_type": 8,
    "object_id": "4",
    "object_repr": "CodeLab Maroc",
    "action_flag": 1,
    "change_message": "[{\"added\": {}}]"
  }
},
{
  "model": "admin.logentry",
  "pk": 6,
  "fields": {
    "action_time": "2026-01-30T03:27:36.408Z",
    "user": 1,
    "content_type": 8,
    "object_id": "5",
    "object_repr": "SmartSoft",
    "action_flag": 1,
    "change_message": "[{\"added\": {}}]"
  }
},
{
  "model": "admin.logentry",
  "pk": 7,
  "fields": {
    "action_time": "2026-01-30T03:28:31.445Z",
    "user": 1,
    "content_type": 8,
    "object_id": "6",
    "object_repr": "Atlas Industrie",
    "action_flag": 1,
    "change_message": "[{\"added\": {}}]"
  }
},
{
  "model": "admin.logentry",
  "pk": 8,
  "fields": {
    "action_time": "2026-01-30T03:29:21.441Z",
    "user": 1,
    "content_type": 8,
    "object_id": "7",
    "object_repr": "Maroc MÚtal",
    "action_flag": 1,
    "change_message": "[{\"added\": {}}]"
  }
},
{
  "model": "admin.logentry",
  "pk": 9,
  "fields": {
    "action_time": "2026-01-30T03:30:13.015Z",
    "user": 1,
    "content_type": 8,
    "object_id": "8",
    "object_repr": "EcoPlast",
    "action_flag": 1,
    "change_message": "[{\"added\": {}}]"
  }
},
{
  "model": "admin.logentry",
  "pk": 10,
  "fields": {
    "action_time": "2026-01-30T03:31:11.099Z",
    "user": 1,
    "content_type": 8,
    "object_id": "9",
    "object_repr": "BatiPlus",
    "action_flag": 1,
    "change_message": "[{\"added\": {}}]"
  }
},
{
  "model": "admin.logentry",
  "pk": 11,
  "fields": {
    "action_time": "2026-01-30T03:31:53.957Z",
    "user": 1,
    "content_type": 8,
    "object_id": "10",
    "object_repr": "Omrane Construction",
    "action_flag": 1,
    "change_message": "[{\"added\": {}}]"
  }
},
{
  "model": "admin.logentry",
  "pk": 12,
  "fields": {
    "action_time": "2026-01-30T03:32:35.864Z",
    "user": 1,
    "content_type": 8,
    "object_id": "11",
    "object_repr": "MarketPro",
    "action_flag": 1,
    "change_message": "[{\"added\": {}}]"
  }
},
{
  "model": "admin.logentry",
  "pk": 13,
  "fields": {
    "action_time": "2026-01-30T03:34:19.023Z",
    "user": 1,
    "content_type": 8,
    "object_id": "12",
    "object_repr": "FastDelivery",
    "action_flag": 1,
    "change_message": "[{\"added\": {}}]"
  }
},
{
  "model": "admin.logentry",
  "pk": 14,
  "fields": {
    "action_time": "2026-01-30T03:35:14.193Z",
    "user": 1,
    "content_type": 8,
    "object_id": "13",
    "object_repr": "Business Support",
    "action_flag": 1,
    "change_message": "[{\"added\": {}}]"
  }
},
{
  "model": "admin.logentry",
  "pk": 15,
  "fields": {
    "action_time": "2026-01-30T03:37:05.882Z",
    "user": 1,
    "content_type": 8,
    "object_id": "14",
    "object_repr": "LearnUp Academy",
    "action_flag": 1,
    "change_message": "[{\"added\": {}}]"
  }
},
{
  "model": "admin.logentry",
  "pk": 16,
  "fields": {
    "action_time": "2026-01-30T03:37:51.024Z",
    "user": 1,
    "content_type": 8,
    "object_id": "15",
    "object_repr": "EduSmart",
    "action_flag": 1,
    "change_message": "[{\"added\": {}}]"
  }
},
{
  "model": "admin.logentry",
  "pk": 17,
  "fields": {
    "action_time": "2026-01-30T03:40:29.315Z",
    "user": 1,
    "content_type": 9,
    "object_id": "2",
    "object_repr": "Stage DÚveloppeur Web",
    "action_flag": 1,
    "change_message": "[{\"added\": {}}]"
  }
},
{
  "model": "admin.logentry",
  "pk": 18,
  "fields": {
    "action_time": "2026-01-30T03:41:02.069Z",
    "user": 1,
    "content_type": 9,
    "object_id": "3",
    "object_repr": "Stage E-commerce",
    "action_flag": 1,
    "change_message": "[{\"added\": {}}]"
  }
},
{
  "model": "admin.logentry",
  "pk": 19,
  "fields": {
    "action_time": "2026-01-30T03:41:27.545Z",
    "user": 1,
    "content_type": 9,
    "object_id": "4",
    "object_repr": "Stage Data Analyst",
    "action_flag": 1,
    "change_message": "[{\"added\": {}}]"
  }
},
{
  "model": "admin.logentry",
  "pk": 20,
  "fields": {
    "action_time": "2026-01-30T03:41:55.412Z",
    "user": 1,
    "content_type": 9,
    "object_id": "5",
    "object_repr": "Stage Conducteur de Travaux",
    "action_flag": 1,
    "change_message": "[{\"added\": {}}]"
  }
},
{
  "model": "admin.logentry",
  "pk": 21,
  "fields": {
    "action_time": "2026-01-30T03:42:31.149Z",
    "user": 1,
    "content_type": 9,
    "object_id": "6",
    "object_repr": "Stage Marketing Digital",
    "action_flag": 1,
    "change_message": "[{\"added\": {}}]"
  }
},
{
  "model": "admin.logentry",
  "pk": 22,
  "fields": {
    "action_time": "2026-01-30T03:43:10.676Z",
    "user": 1,
    "content_type": 9,
    "object_id": "7",
    "object_repr": "Stage DÚveloppeur Back-end",
    "action_flag": 1,
    "change_message": "[{\"added\": {}}]"
  }
},
{
  "model": "admin.logentry",
  "pk": 23,
  "fields": {
    "action_time": "2026-01-30T03:44:07.797Z",
    "user": 1,
    "content_type": 9,
    "object_id": "8",
    "object_repr": "Stage Maintenance Industrielle",
    "action_flag": 1,
    "change_message": "[{\"added\": {}}]"
  }
},
{
  "model": "admin.logentry",
  "pk": 24,
  "fields": {
    "action_time": "2026-01-30T03:44:52.969Z",
    "user": 1,
    "content_type": 9,
    "object_id": "9",
    "object_repr": "Stage Logistique",
    "action_flag": 1,
    "change_message": "[{\"added\": {}}]"
  }
},
{
  "model": "admin.logentry",
  "pk": 25,
  "fields": {
    "action_time": "2026-01-30T03:45:22.391Z",
    "user": 1,
    "content_type": 9,
    "object_id": "10",
    "object_repr": "Stage QualitÚ & Environnement",
    "action_flag": 1,
    "change_message": "[{\"added\": {}}]"
  }
},
{
  "model": "admin.logentry",
  "pk": 26,
  "fields": {
    "action_time": "2026-01-30T03:45:48.594Z",
    "user": 1,
    "content_type": 9,
    "object_id": "11",
    "object_repr": "Stage ComptabilitÚ",
    "action_flag": 1,
    "change_message": "[{\"added\": {}}]"
  }
},
{
  "model": "admin.logentry",
  "pk": 27,
  "fields": {
    "action_time": "2026-01-30T03:46:21.612Z",
    "user": 1,
    "content_type": 9,
    "object_id": "12",
    "object_repr": "Stage GÚnie MÚcanique",
    "action_flag": 1,
    "change_message": "[{\"added\": {}}]"
  }
},
{
  "model": "admin.logentry",
  "pk": 28,
  "fields": {
    "action_time": "2026-01-30T03:47:04.923Z",
    "user": 1,
    "content_type": 9,
    "object_id": "13",
    "object_repr": "Stage E-learning",
    "action_flag": 1,
    "change_message": "[{\"added\": {}}]"
  }
},
{
  "model": "admin.logentry",
  "pk": 29,
  "fields": {
    "action_time": "2026-01-30T03:47:41.659Z",
    "user": 1,
    "content_type": 9,
    "object_id": "14",
    "object_repr": "Stage GÚnie Civil",
    "action_flag": 1,
    "change_message": "[{\"added\": {}}]"
  }
},
{
  "model": "admin.logentry",
  "pk": 30,
  "fields": {
    "action_time": "2026-01-30T03:48:09.919Z",
    "user": 1,
    "content_type": 9,
    "object_id": "15",
    "object_repr": "Stage DÚveloppeur Mobile",
    "action_flag": 1,
    "change_message": "[{\"added\": {}}]"
  }
},
{
  "model": "admin.logentry",
  "pk": 31,
  "fields": {
    "action_time": "2026-01-30T03:48:55.688Z",
    "user": 1,
    "content_type": 9,
    "object_id": "16",
    "object_repr": "Stage Community Manager",
    "action_flag": 1,
    "change_message": "[{\"added\": {}}]"
  }
},
{
  "model": "admin.logentry",
  "pk": 32,
  "fields": {
    "action_time": "2026-01-30T03:49:34.264Z",
    "user": 1,
    "content_type": 9,
    "object_id": "17",
    "object_repr": "Stage Test & Validation",
    "action_flag": 1,
    "change_message": "[{\"added\": {}}]"
  }
},
{
  "model": "admin.logentry",
  "pk": 33,
  "fields": {
    "action_time": "2026-01-30T03:50:05.048Z",
    "user": 1,
    "content_type": 9,
    "object_id": "18",
    "object_repr": "Stage Intelligence Artificielle",
    "action_flag": 1,
    "change_message": "[{\"added\": {}}]"
  }
},
{
  "model": "admin.logentry",
  "pk": 34,
  "fields": {
    "action_time": "2026-01-30T03:51:15.737Z",
    "user": 1,
    "content_type": 9,
    "object_id": "19",
    "object_repr": "Stage Service Client",
    "action_flag": 1,
    "change_message": "[{\"added\": {}}]"
  }
},
{
  "model": "admin.logentry",
  "pk": 35,
  "fields": {
    "action_time": "2026-01-30T03:51:51.693Z",
    "user": 1,
    "content_type": 9,
    "object_id": "20",
    "object_repr": "Stage Gestion des Stocks",
    "action_flag": 1,
    "change_message": "[{\"added\": {}}]"
  }
},
{
  "model": "auth.user",
  "pk": 1,
  "fields": {
    "password": "pbkdf2_sha256$1200000$VSan8DGAosMtafUiXzQRrl$e/gXTX1q42j0cErzTrAitjOsGz/SFINB1Z7G4O0nWwc=",
    "last_login": "2026-01-29T21:57:55.761Z",
    "is_superuser": true,
    "username": "chaimae",
    "first_name": "",
    "last_name": "",
    "email": "chaimae@gmail.com",
    "is_staff": true,
    "is_active": true,
    "date_joined": "2026-01-29T21:56:28.235Z",
    "groups": [],
    "user_permissions": []
  }
},
{
  "model": "sessions.session",
  "pk": "vjwvd5gnoh6xww7k570042h9f2tasdju",
  "fields": {
    "session_data": ".eJxVjEEOwiAQRe_C2pBhgIou3fcMZBhAqgaS0q6Md7dNutDtf-_9t_C0LsWvPc1-iuIqlDj9boH4meoO4oPqvUludZmnIHdFHrTLscX0uh3u30GhXrY6JxqsuqACwhxNZk0IAztAzASKzdlZgmCt0Q41so6bb5hsMM5YBeLzBddHNxc:1vla1T:99iB47ytinKCItLteRHfgj1FP0-cBeKPBpN-uhzzGik",
    "expire_date": "2026-02-12T21:57:55.768Z"
  }
},
{
  "model": "stages.entreprise",
  "pk": 1,
  "fields": {
    "nom": "Google",
    "adresse": "Casablanca",
    "email": "",
    "telephone": "",
    "site_web": "",
    "description": "",
    "secteur": "Informatique"
  }
},
{
  "model": "stages.entreprise",
  "pk": 2,
  "fields": {
    "nom": "TechNova Solutions",
    "adresse": "12 Rue Al Massira, Casablanca",
    "email": "contact@technova.ma",
    "telephone": "+212 6 12 34 56 78",
    "site_web": "https://www.technova.ma",
    "description": ": Entreprise spÚcialisÚe dans le dÚveloppement dÆapplications web et mobiles, proposant des solutions numÚriques innovantes.",
    "secteur": "Informatique / DÚveloppement logiciel"
  }
},
{
  "model": "stages.entreprise",
  "pk": 3,
  "fields": {
    "nom": "DigitalWave",
    "adresse": "Avenue Mohammed V, Rabat",
    "email": "info@digitalwave.ma",
    "telephone": "+212 6 23 45 67 89",
    "site_web": "https://www.digitalwave.ma",
    "description": "Agence digitale offrant des services de marketing numÚrique, crÚation de sites web et rÚfÚrencement SEO.",
    "secteur": "Marketing digital / Communication"
  }
},
{
  "model": "stages.entreprise",
  "pk": 4,
  "fields": {
    "nom": "CodeLab Maroc",
    "adresse": "Quartier GuÚliz, Marrakech",
    "email": "contact@codelab.ma",
    "telephone": "+212 6 98 76 54 32",
    "site_web": "https://www.codelab.ma",
    "description": "SociÚtÚ de dÚveloppement logiciel spÚcialisÚe dans les applications sur mesure et les systÞmes dÆinformation.",
    "secteur": "GÚnie logiciel / SystÞmes dÆinformation"
  }
},
{
  "model": "stages.entreprise",
  "pk": 5,
  "fields": {
    "nom": "SmartSoft",
    "adresse": "Technopark, Tanger",
    "email": "support@smartsoft.ma",
    "telephone": "+212 6 45 67 89 01",
    "site_web": "https://www.smartsoft.ma",
    "description": "Entreprise technologique spÚcialisÚe en intelligence artificielle et analyse de donnÚes.",
    "secteur": "Intelligence artificielle / Data"
  }
},
{
  "model": "stages.entreprise",
  "pk": 6,
  "fields": {
    "nom": "Atlas Industrie",
    "adresse": "Zone Industrielle Sidi Bernoussi, Casablanca",
    "email": "contact@atlasindustrie.ma",
    "telephone": "+212 5 22 33 44 55",
    "site_web": "https://www.atlasindustrie.ma",
    "description": "Entreprise industrielle spÚcialisÚe dans la fabrication de piÞces mÚcaniques.",
    "secteur": "Industrie mÚcanique"
  }
},
{
  "model": "stages.entreprise",
  "pk": 7,
  "fields": {
    "nom": "Maroc MÚtal",
    "adresse": "Zone Industrielle A´n SebaÔ, Casablanca",
    "email": "info@marocmetal.ma",
    "telephone": "+212 5 22 66 77 88",
    "site_web": "https://www.marocmetal.ma",
    "description": "SociÚtÚ spÚcialisÚe dans la transformation et la commercialisation de produits mÚtalliques.",
    "secteur": "MÚtallurgie"
  }
},
{
  "model": "stages.entreprise",
  "pk": 8,
  "fields": {
    "nom": "EcoPlast",
    "adresse": "Zone Industrielle, KÚnitra",
    "email": "contact@ecoplast.ma",
    "telephone": "+212 5 37 45 67 89",
    "site_web": "https://www.ecoplast.ma",
    "description": "Entreprise spÚcialisÚe dans le recyclage du plastique et la production de matÚriaux Úcologiques.",
    "secteur": "Industrie / Environnement"
  }
},
{
  "model": "stages.entreprise",
  "pk": 9,
  "fields": {
    "nom": "BatiPlus",
    "adresse": "Boulevard Hassan II, FÞs",
    "email": "batiplus@batiplus.ma",
    "telephone": "+212 6 11 22 33 44",
    "site_web": "https://www.batiplus.ma",
    "description": "Entreprise de construction spÚcialisÚe dans les projets rÚsidentiels et commerciaux.",
    "secteur": "BTP / Construction"
  }
},
{
  "model": "stages.entreprise",
  "pk": 10,
  "fields": {
    "nom": "Omrane Construction",
    "adresse": "Hay Riad, Rabat",
    "email": "contact@omrane-construction.ma",
    "telephone": "+212 6 55 44 33 22",
    "site_web": "https://www.omrane-construction.ma",
    "description": "SociÚtÚ de travaux publics rÚalisant des projets de construction et dÆinfrastructure.",
    "secteur": "Travaux publics / GÚnie civil"
  }
},
{
  "model": "stages.entreprise",
  "pk": 11,
  "fields": {
    "nom": "MarketPro",
    "adresse": "Centre-ville, Agadir",
    "email": "service@marketpro.ma",
    "telephone": "+212 6 77 88 99 00",
    "site_web": "https://www.marketpro.ma",
    "description": "Entreprise de commerce Úlectronique proposant des produits variÚs en ligne.",
    "secteur": "Commerce / E-commerce"
  }
},
{
  "model": "stages.entreprise",
  "pk": 12,
  "fields": {
    "nom": "FastDelivery",
    "adresse": "Zone industrielle, SalÚ",
    "email": "contact@fastdelivery.ma",
    "telephone": "+212 6 90 12 34 56",
    "site_web": "https://www.fastdelivery.ma",
    "description": "SociÚtÚ spÚcialisÚe dans la livraison rapide et les services logistiques.",
    "secteur": "Logistique / Transport"
  }
},
{
  "model": "stages.entreprise",
  "pk": 13,
  "fields": {
    "nom": "Business Support",
    "adresse": "Business Support",
    "email": "info@businesssupport.ma",
    "telephone": "+212 5 22 88 77 66",
    "site_web": "https://www.businesssupport.ma",
    "description": "Cabinet de conseil en gestion, comptabilitÚ et ressources humaines.",
    "secteur": "Conseil / Gestion"
  }
},
{
  "model": "stages.entreprise",
  "pk": 14,
  "fields": {
    "nom": "LearnUp Academy",
    "adresse": "Quartier universitaire, TÚtouan",
    "email": "contact@learnup.ma",
    "telephone": "+212 6 64 32 10 98",
    "site_web": "https://contact@learnup.ma",
    "description": "Centre de formation professionnelle en informatique, langues et dÚveloppement personnel.",
    "secteur": "╔ducation / Formation"
  }
},
{
  "model": "stages.entreprise",
  "pk": 15,
  "fields": {
    "nom": "EduSmart",
    "adresse": "Centre dÆaffaires, Oujda",
    "email": "info@edusmart.ma",
    "telephone": "+212 6 33 21 45 67",
    "site_web": "https://www.edusmart.ma",
    "description": "Entreprise spÚcialisÚe dans lÆenseignement en ligne et les plateformes Úducatives.",
    "secteur": "E-learning / ╔ducation numÚrique"
  }
},
{
  "model": "stages.offre",
  "pk": 1,
  "fields": {
    "entreprise": 1,
    "titre": "Stage dÚveloppement web",
    "description": "Stage pour Útudiants en informatique",
    "date_debut": "2026-01-30",
    "date_fin": "2026-02-28"
  }
},
{
  "model": "stages.offre",
  "pk": 2,
  "fields": {
    "entreprise": 2,
    "titre": "Stage DÚveloppeur Web",
    "description": "Participation au dÚveloppement dÆapplications web en Python/Django et intÚgration front-end.",
    "date_debut": "2026-01-30",
    "date_fin": "2026-02-12"
  }
},
{
  "model": "stages.offre",
  "pk": 3,
  "fields": {
    "entreprise": 11,
    "titre": "Stage E-commerce",
    "description": "Gestion des produits, suivi des commandes et analyse des ventes sur la plateforme e-commerce.",
    "date_debut": "2026-01-31",
    "date_fin": "2026-02-27"
  }
},
{
  "model": "stages.offre",
  "pk": 4,
  "fields": {
    "entreprise": 5,
    "titre": "Stage Data Analyst",
    "description": "Analyse de donnÚes, crÚation de tableaux de bord et initiation aux outils de data science.",
    "date_debut": "2026-01-24",
    "date_fin": "2026-03-13"
  }
},
{
  "model": "stages.offre",
  "pk": 5,
  "fields": {
    "entreprise": 9,
    "titre": "Stage Conducteur de Travaux",
    "description": "Suivi des chantiers, participation Ó la planification et contr¶le de lÆavancement des travaux.",
    "date_debut": "2026-01-28",
    "date_fin": "2026-03-06"
  }
},
{
  "model": "stages.offre",
  "pk": 6,
  "fields": {
    "entreprise": 3,
    "titre": "Stage Marketing Digital",
    "description": "Gestion des rÚseaux sociaux, campagnes publicitaires et optimisation du rÚfÚrencement SEO.",
    "date_debut": "2026-01-24",
    "date_fin": "2026-02-22"
  }
},
{
  "model": "stages.offre",
  "pk": 7,
  "fields": {
    "entreprise": 4,
    "titre": "Stage DÚveloppeur Back-end",
    "description": "DÚveloppement dÆAPI, gestion des bases de donnÚes et maintenance des applications existantes.",
    "date_debut": "2026-01-31",
    "date_fin": "2026-03-12"
  }
},
{
  "model": "stages.offre",
  "pk": 8,
  "fields": {
    "entreprise": 14,
    "titre": "Stage Maintenance Industrielle",
    "description": "Aide Ó la prÚparation des cours, accompagnement des apprenants et support pÚdagogique.",
    "date_debut": "2026-01-16",
    "date_fin": "2026-03-11"
  }
},
{
  "model": "stages.offre",
  "pk": 9,
  "fields": {
    "entreprise": 12,
    "titre": "Stage Logistique",
    "description": "Organisation des livraisons, suivi des colis et optimisation des itinÚraires.",
    "date_debut": "2026-01-29",
    "date_fin": "2026-02-19"
  }
},
{
  "model": "stages.offre",
  "pk": 10,
  "fields": {
    "entreprise": 8,
    "titre": "Stage QualitÚ & Environnement",
    "description": "Suivi des normes environnementales et participation aux projets de recyclage.",
    "date_debut": "2026-01-30",
    "date_fin": "2026-03-12"
  }
},
{
  "model": "stages.offre",
  "pk": 11,
  "fields": {
    "entreprise": 13,
    "titre": "Stage ComptabilitÚ",
    "description": "Saisie comptable, prÚparation des factures et assistance aux tÔches financiÞres.",
    "date_debut": "2026-01-12",
    "date_fin": "2026-03-13"
  }
},
{
  "model": "stages.offre",
  "pk": 12,
  "fields": {
    "entreprise": 6,
    "titre": "Stage GÚnie MÚcanique",
    "description": "Conception de piÞces mÚcaniques et participation aux processus de fabrication.",
    "date_debut": "2026-01-28",
    "date_fin": "2026-04-17"
  }
},
{
  "model": "stages.offre",
  "pk": 13,
  "fields": {
    "entreprise": 15,
    "titre": "Stage E-learning",
    "description": "Gestion de contenus pÚdagogiques et assistance Ó la plateforme dÆapprentissage en ligne.",
    "date_debut": "2026-02-03",
    "date_fin": "2026-03-20"
  }
},
{
  "model": "stages.offre",
  "pk": 14,
  "fields": {
    "entreprise": 10,
    "titre": "Stage GÚnie Civil",
    "description": "╔tudes techniques, suivi des travaux et participation aux projets dÆinfrastructure.",
    "date_debut": "2026-01-31",
    "date_fin": "2026-03-06"
  }
},
{
  "model": "stages.offre",
  "pk": 15,
  "fields": {
    "entreprise": 2,
    "titre": "Stage DÚveloppeur Mobile",
    "description": "DÚveloppement dÆapplications mobiles Android/iOS et tests fonctionnels.",
    "date_debut": "2026-01-20",
    "date_fin": "2026-03-08"
  }
},
{
  "model": "stages.offre",
  "pk": 16,
  "fields": {
    "entreprise": 3,
    "titre": "Stage Community Manager",
    "description": "Animation des rÚseaux sociaux, crÚation de contenu et interaction avec la communautÚ.",
    "date_debut": "2026-03-14",
    "date_fin": "2026-06-13"
  }
},
{
  "model": "stages.offre",
  "pk": 17,
  "fields": {
    "entreprise": 4,
    "titre": "Stage Test & Validation",
    "description": "Tests fonctionnels des applications et rÚdaction des rapports de bugs.",
    "date_debut": "2026-01-15",
    "date_fin": "2026-04-11"
  }
},
{
  "model": "stages.offre",
  "pk": 18,
  "fields": {
    "entreprise": 5,
    "titre": "Stage Intelligence Artificielle",
    "description": "Initiation aux modÞles dÆapprentissage automatique et traitement des donnÚes.",
    "date_debut": "2026-01-31",
    "date_fin": "2026-03-14"
  }
},
{
  "model": "stages.offre",
  "pk": 19,
  "fields": {
    "entreprise": 11,
    "titre": "Stage Service Client",
    "description": "Gestion des demandes clients, suivi des commandes et assistance aprÞs-vente.",
    "date_debut": "2026-01-29",
    "date_fin": "2026-03-28"
  }
},
{
  "model": "stages.offre",
  "pk": 20,
  "fields": {
    "entreprise": 12,
    "titre": "Stage Gestion des Stocks",
    "description": "Suivi des entrÚes/sorties de stock et optimisation de lÆespace de stockage.",
    "date_debut": "2026-01-31",
    "date_fin": "2026-04-05"
  }
},
{
  "model": "stages.candidature",
  "pk": 1,
  "fields": {
    "nom_stagiaire": "chaimae",
    "offre": 1,
    "date_candidature": "2026-01-30T01:43:01.008Z"
  }
},
{
  "model": "stages.candidature",
  "pk": 3,
  "fields": {
    "nom_stagiaire": "aziz",
    "offre": 1,
    "date_candidature": "2026-01-30T01:43:23.286Z"
  }
},
{
  "model": "stages.candidature",
  "pk": 6,
  "fields": {
    "nom_stagiaire": "nada",
    "offre": 1,
    "date_candidature": "2026-01-30T02:16:01.672Z"
  }
},
{
  "model": "stages.candidature",
  "pk": 8,
  "fields": {
    "nom_stagiaire": "salma",
    "offre": 1,
    "date_candidature": "2026-01-30T02:17:38.743Z"
  }
},
{
  "model": "stages.candidature",
  "pk": 9,
  "fields": {
    "nom_stagiaire": "malak",
    "offre": 18,
    "date_candidature": "2026-01-30T03:52:59.887Z"
  }
}
]
